Id_page;Date_publi;Couv_publi;Jaime_publi;Partage_publi;Clics_publi
1316;31-janv-20;20;58;11;0
676;12-févr-20;21;79;6;0
471;09-mars-20;28;81;8;1
159;29-mai-20;43;80;14;1
221;04-juin-20;47;87;8;1
92;10-juin-20;53;88;17;1
144;14-juin-20;88;6;13;0
326;18-juin-20;67;66;12;1
109;21-juin-20;83;68;7;0
205;16-juil-20;94;49;10;1
433;04-août-20;6309;92;15;368
738;30-août-20;13931;195;15;769
1060;20-déc-20;1554;37;3;35
1110;28-déc-20;1456;25;1;170
1128;30-déc-20;1580;68;7;38
1304;09-janv-21;1606;36;2;60
1334;11-janv-21;2427;65;7;96
1325;11-janv-21;1693;36;2;150
1364;17-janv-21;2616;37;3;144
1415;03-févr-21;1370;13;0;38
1409;03-févr-21;4243;38;0;85
1430;04-févr-21;1721;43;0;59
1514;25-mars-21;9227;51;7;148
1557;01-avr-21;1378;36;1;33
1629;14-mai-21;1765;33;1;87
254;16-juin-21;4724;45;6;157
1780;08-juil-21;8207;67;7;128
1820;20-juil-21;6676;70;7;162
1846;23-juil-21;2535;29;0;120
1850;28-juil-21;9369;67;4;106
1891;04-août-21;15908;146;10;573
1932;09-août-21;7803;52;3;135
1978;14-août-21;11084;130;5;338
2010;23-août-21;2645;42;0;53
1916;08-sept-21;4196;33;1;88
2127;09-nov-21;1739;55;2;46
2169;08-déc-21;8664;63;3;289
2184;14-déc-21;5940;40;4;103
2200;17-déc-21;2255;55;3;44
2152;24-déc-21;5524;69;3;74
1311;06-janv-22;8271;46;2;113
2288;13-janv-22;2491;52;1;82
2322;24-janv-22;4754;48;2;189
2340;30-janv-22;3996;37;3;137
2345;30-janv-22;5822;50;3;102
2412;13-févr-22;2258;35;0;32
2436;16-mars-22;9169;47;6;129
2499;17-avr-22;6899;42;2;194
2522;22-avr-22;2971;93;4;86
2534;28-avr-22;2559;56;2;49
2564;13-mai-22;9728;74;5;253
2611;14-juin-22;2715;53;8;141
2627;22-juin-22;3076;49;10;336
2336;01-juil-22;8637;103;2;171
2250;06-juil-22;6485;32;3;118
2681;20-juil-22;5905;104;10;178
2705;24-juil-22;23177;494;72;2 207
2786;28-août-22;2993;74;5;57
2791;29-août-22;4196;59;4;72
2837;09-oct-22;3867;43;2;103
2883;08-nov-22;5428;103;2;84
2875;16-nov-22;2497;106;10;41
